INSERT INTO series (id) VALUES (1);
INSERT INTO series (id) VALUES (2);

INSERT INTO books (id) VALUES (1);
INSERT INTO books (id) VALUES (2);
INSERT INTO books (id) VALUES (3);
INSERT INTO books (id) VALUES (4);
INSERT INTO books (id) VALUES (5);
INSERT INTO books (id) VALUES (6);

INSERT INTO characters (id) VALUES (1);
INSERT INTO characters (id) VALUES (2);
INSERT INTO characters (id) VALUES (3);
INSERT INTO characters (id) VALUES (4);
INSERT INTO characters (id) VALUES (5);
INSERT INTO characters (id) VALUES (6);
INSERT INTO characters (id) VALUES (7);
INSERT INTO characters (id) VALUES (8);

INSERT INTO subgenres (id) VALUES (1);
INSERT INTO subgenres (id) VALUES (2);

INSERT INTO authors (id) VALUES (1);
INSERT INTO authors (id) VALUES (2);

INSERT INTO character_books (book_id, character_id) VALUES (1, 1);
INSERT INTO character_books (book_id, character_id) VALUES (1, 2);
INSERT INTO character_books (book_id, character_id) VALUES (2, 1);
INSERT INTO character_books (book_id, character_id) VALUES (2, 3);
INSERT INTO character_books (book_id, character_id) VALUES (3, 5);
INSERT INTO character_books (book_id, character_id) VALUES (3, 6);
INSERT INTO character_books (book_id, character_id) VALUES (3, 7);
INSERT INTO character_books (book_id, character_id) VALUES (4, 5);
INSERT INTO character_books (book_id, character_id) VALUES (4, 6);
INSERT INTO character_books (book_id, character_id) VALUES (4, 7);
INSERT INTO character_books (book_id, character_id) VALUES (4, 8);
INSERT INTO character_books (book_id, character_id) VALUES (5, 6);
INSERT INTO character_books (book_id, character_id) VALUES (5, 7);
INSERT INTO character_books (book_id, character_id) VALUES (5, 8);
INSERT INTO character_books (book_id, character_id) VALUES (6, 7);
INSERT INTO character_books (book_id, character_id) VALUES (6, 6);
